Workbook

Sheet #9

Sheet #10

Sheet #11

Sheet #12

Sheet sum
B3: Desciption | C3: tool | G3: sum
C4: #9 | D4: #10 | E4: #11 | F4: #12
B5: Frontside Patterned Inspection Missed Grab | C5: =COUNTIF('#9'!$B$2:$B$3000,$B5 & "*") | D5: =COUNTIF('#10'!$B$2:$B$3000,$B5 & "*") | E5: =COUNTIF('#11'!$B$2:$B$3000,$B5 & "*") | F5: =COUNTIF('#12'!$B$2:$B$3000,$B5 & "*") | G5: =SUM(C5:F5)
B6: TYPE = Process: Object reference not set to an instance of an object | C6: =COUNTIF('#9'!$B$2:$B$3000,$B6 & "*") | D6: =COUNTIF('#10'!$B$2:$B$3000,$B6 & "*") | E6: =COUNTIF('#11'!$B$2:$B$3000,$B6 & "*") | F6: =COUNTIF('#12'!$B$2:$B$3000,$B6 & "*") | G6: =SUM(C6:F6)
B7: type = process: PM [frontside], process(): object reference not set to an instance of an object | C7: =COUNTIF('#9'!$B$2:$B$3000,$B7 & "*") | D7: =COUNTIF('#10'!$B$2:$B$3000,$B7 & "*") | E7: =COUNTIF('#11'!$B$2:$B$3000,$B7 & "*") | F7: =COUNTIF('#12'!$B$2:$B$3000,$B7 & "*") | G7: =SUM(C7:F7)
B8: type = process: method process timed out | C8: =COUNTIF('#9'!$B$2:$B$3000,$B8 & "*") | D8: =COUNTIF('#10'!$B$2:$B$3000,$B8 & "*") | E8: =COUNTIF('#11'!$B$2:$B$3000,$B8 & "*") | F8: =COUNTIF('#12'!$B$2:$B$3000,$B8 & "*") | G8: =SUM(C8:F8)
B9: unable to send wafer end report to host. Exception: object reference not set to an instance of an object | C9: =COUNTIF('#9'!$B$2:$B$3000,$B9 & "*") | D9: =COUNTIF('#10'!$B$2:$B$3000,$B9 & "*") | E9: =COUNTIF('#11'!$B$2:$B$3000,$B9 & "*") | F9: =COUNTIF('#12'!$B$2:$B$3000,$B9 & "*") | G9: =SUM(C9:F9)
B10: saving defect images error | C10: =COUNTIF('#9'!$B$2:$B$3000,$B10 & "*") | D10: =COUNTIF('#10'!$B$2:$B$3000,$B10 & "*") | E10: =COUNTIF('#11'!$B$2:$B$3000,$B10 & "*") | F10: =COUNTIF('#12'!$B$2:$B$3000,$B10 & "*") | G10: =SUM(C10:F10)
B11: discover service client failed while uploading an rrf | C11: =COUNTIF('#9'!$B$2:$B$3000,$B11 & "*") | D11: =COUNTIF('#10'!$B$2:$B$3000,$B11 & "*") | E11: =COUNTIF('#11'!$B$2:$B$3000,$B11 & "*") | F11: =COUNTIF('#12'!$B$2:$B$3000,$B11 & "*") | G11: =SUM(C11:F11)
B12: discover service could not send a lot end signal to discover | C12: =COUNTIF('#9'!$B$2:$B$3000,$B12 & "*") | D12: =COUNTIF('#10'!$B$2:$B$3000,$B12 & "*") | E12: =COUNTIF('#11'!$B$2:$B$3000,$B12 & "*") | F12: =COUNTIF('#12'!$B$2:$B$3000,$B12 & "*") | G12: =SUM(C12:F12)
B13: SPiiPlus error: (130) Timeout expired | C13: =COUNTIF('#9'!$B$2:$B$3000,$B13 & "*") | D13: =COUNTIF('#10'!$B$2:$B$3000,$B13 & "*") | E13: =COUNTIF('#11'!$B$2:$B$3000,$B13 & "*") | F13: =COUNTIF('#12'!$B$2:$B$3000,$B13 & "*") | G13: =SUM(C13:F13)

Sheet Sheet
